"name","fork project","commits","branches","default branch","releases","contributors","license","watchers","stargazers","forks","size","created","pushed","updated","homepage","main language","total issues","open issues","total pull requests","open pull requests","last commit","last commit SHA","has wiki","is archived","languages","labels"
"airbnb/lottie-android","false","1286","26","master","29","95","Apache License 2.0","873","30853","4935","134854","2016-10-06 22:42:42.0","2021-03-25 18:08:59.0","2021-03-26 03:08:41.0","http://airbnb.io/lottie/","Java","1260","25","494","3","2021-03-25 17:32:57.0","c50f672cbf0ce3ebbfceb8309a9c20c42b5120fe","false","false","Java,Kotlin,Shell,JavaScript","Crash,Good first issue,Help wanted,Incorrect Template Usage,Needs more info,New feature,Non-Rendering Bug,Rendering bug,Sample App,Text,compose,duplicate"
"alibaba/arouter","false","292","3","develop","19","19","Apache License 2.0","372","12858","2248","26563","2016-12-14 01:27:49.0","2021-02-06 18:13:23.0","2021-02-09 16:25:56.0","","Java","766","23","129","5","2021-01-04 10:15:30.0","38c0eeae79253a9bfb0d5f1b19f63c31c4364b9c","true","false","Java,Groovy,Kotlin,HTML","bug,duplicate,enhancement (新需求),help wanted,invalid,question (待确认),wontfix,挺好"
"alibaba/arthas","false","1510","10","master","33","127","Apache License 2.0","1138","25155","5515","22897","2018-08-29 17:15:57.0","2021-03-29 09:32:03.0","2021-03-29 12:51:47.0","https://arthas.aliyun.com/","Java","1250","143","497","30","2021-03-29 09:31:48.0","fccdd5c313d28f29e6ec2705a929d695eb2877b4","true","false","Java,JavaScript,HTML,Shell,Python,CSS,Batchfile,Roff,Makefile,Dockerfile,ActionScript,Groovy","4.0,SoC2019,SoC2020,bug,dependencies,disscuss,duplicate,enhancement,feature,help wanted,invalid,kind/feature-request,kind/research,not-a-bug,question-answered,question-unanswered,someday,user-case,wontfix"
"alibaba/canal","false","1411","9","master","26","121","Apache License 2.0","1185","17858","5555","18359","2013-01-13 10:59:52.0","2021-02-22 06:30:47.0","2021-02-22 13:06:26.0","","Java","2905","547","470","53","2020-12-31 03:33:01.0","8cfb07f07ec9c321500e869559d6e78419ba27a1","true","false","Java,Vue,JavaScript,Shell,PLpgSQL,SCSS,HTML,Batchfile,Dockerfile,Python,CSS","bug,document,duplicate,enhancement,feature,invalid,note,question,type/SoC2019,wontfix"
"alibaba/druid","false","6395","10","master","41","147","Other","1809","23522","7660","64359","2011-11-03 05:12:51.0","2021-03-22 06:34:13.0","2021-03-22 11:17:08.0","https://github.com/alibaba/druid/wiki","Java","3131","1904","1066","56","2021-03-21 15:49:03.0","49be9ac6042fdac81616f7c57de54395bc6dfcf2","true","false","Java,HTML,TSQL,JavaScript,PLSQL,CSS,Batchfile,Shell","Alibaba,Bug,Enhancement,Need Infos,New Feature,OldVersion,Pool,Question,SQLParser,SpringBoot,type/SoC2019"
"alibaba/fastjson","false","3810","19","master","81","149","Apache License 2.0","1376","23162","6205","14943","2011-11-03 06:58:52.0","2021-03-29 09:17:04.0","2021-03-29 13:17:44.0","https://github.com/alibaba/fastjson/wiki","Java","2990","1505","685","97","2021-03-23 15:00:58.0","9b8b186772e40a1229c2212bbf40a23e45d1f0f2","true","false","Java,Kotlin,JavaScript,Shell","Android,New Feature,OldVersion,bug,dependencies,enhancement,needs info,question,type/SoC2019"
"alibaba/nacos","false","3031","31","develop","36","159","Apache License 2.0","812","16903","6567","40952","2018-06-15 06:49:27.0","2021-03-29 15:04:10.0","2021-03-30 00:39:07.0","https://nacos.io","Java","3680","255","1522","15","2021-03-29 07:23:55.0","6d500c92ab0044aa080596f8469b9166706781d7","true","false","Java,SCSS,Shell,JavaScript,TypeScript,Batchfile","SoC2020,Soc2019,area/Client,area/Config,area/DNS-Server,area/Document,area/Dubbo,area/Istio,area/Kubernetes,area/Nacos Core,area/Nacos console,area/Naming,area/Service Mesh,area/Spring,area/Spring Boot,area/Spring Cloud,area/Test,contribution welcome,dependencies,expired,follow up,go,good first issue,help wanted,java,kind/bug,kind/code quality,kind/discussion,kind/enhancement,kind/feature,kind/notice,kind/performance,kind/proposal,kind/question,kind/refactor,kind/research,kind/typo,kind/user experience,os/windows,pending,priority/blocker,priority/high,priority/low,priority/normal,priority/urgent,status/duplicate,status/inactive,status/invalid,status/lack env information,status/merge-conflict,status/more-info-needed,status/need discuss,status/need feedback,status/wontfix,version/2.x,weekly-report"
"alibaba/sentinel","false","684","21","master","17","133","Apache License 2.0","750","15643","5360","7091","2018-04-04 06:37:33.0","2021-03-27 02:25:45.0","2021-03-27 18:48:59.0","https://sentinelguard.io/","Java","1438","261","642","68","2021-03-23 02:46:01.0","744be07a573a5d060f90f99226b3b171f384844a","true","false","Java,JavaScript,HTML,CSS,Shell,Dockerfile","ASoC2020,SoC2019,api-change,area/adaptive-traffic-shaping,area/annotation,area/benchmark,area/ci,area/circuit-breaking,area/cloud-native,area/cluster-flow,area/concurrency-limiting,area/configuration,area/dashboard,area/data-source,area/document,area/example,area/flow-control,area/gateway-flow-control,area/hotspot-param-flow,area/integrations,area/logging,area/metrics,area/performance,area/polyglot,area/test,dependencies,duplicate,good first issue,help wanted,inactive,integration/spring-cloud,invalid,java,javascript,kind/bug,kind/discussion,kind/enhancement,kind/feature,kind/notice,kind/question,kind/refactor,merge-conflict,priority/high,priority/low,priority/normal,priority/urgent,size/L,size/M,size/S,size/XL,size/XS,size/XXL,size/∞,to-review,typo/format,weekly-report,wontfix"
"alibaba/spring-cloud-alibaba","false","1744","7","master","21","100","Apache License 2.0","962","18101","5512","6378","2017-12-01 20:49:15.0","2021-03-29 12:40:11.0","2021-03-30 00:37:55.0","https://spring.io/projects/spring-cloud-alibaba","Java","1349","271","649","50","2021-03-25 02:20:17.0","51a8b32ff39e6cac29ba80db36cbed5f31683a9e","true","false","Java,Shell,JavaScript,HTML","SoC2019,SoC2020,alicloud,bug,component bug,conflicts,dependencies,discussion,docs,dubbo,duplicate,enhancement,good first issue,help wanted,initializr,invalid,nacos,question,rocketmq,seata,sentinel,sidecar,to review,typo/format,waiting for feedback,wontfix"
"alibaba/vlayout","false","364","12","master","43","16","MIT License","345","10625","1799","1716","2017-02-27 08:11:47.0","2020-07-07 02:01:19.0","2020-12-07 09:45:12.0","http://tangram.pingguohe.net/","Java","494","183","23","5","2020-05-14 06:31:24.0","54687a7eb56a920dd1d3606585ce4ef15e716c6a","true","false","",""
"android-async-http/android-async-http","false","899","4","master","14","78","Apache License 2.0","796","10604","4250","3063","2011-02-20 03:25:07.0","2021-01-18 09:40:35.0","2021-01-18 09:40:30.0","https://github.com/android-async-http/android-async-http#this-project-is-no-longer-maintained-and-is-currently-deprecated-and-insecure-to-use","Java","1073","100","284","0","2021-01-18 09:40:25.0","018a0b8d96a0dd569de9f8128cfe5d030e0423ef","true","false","",""
"android-hacker/virtualxposed","false","1630","12","vxp","71","38","GNU General Public License v3.0","497","11331","1976","49734","2017-12-01 09:00:58.0","2021-02-24 21:29:52.0","2021-02-25 11:13:32.0","https://vxp.app","Java","916","64","62","1","2021-02-24 04:40:23.0","f5b1174b8b0963e20c2d087fe318b8ffa9ee0af7","true","false","Java,C++,C,Makefile,Starlark","Android 11,Android 9.0,Won't Fix (Obsolete),bug,duplicate,enhancement,fixed,good first issue,help wanted,inactive,invalid,irrelevant,low-priority,needs-extra-support,needs-more-info,question,stupid,wontfix"
"androidannotations/androidannotations","false","2932","2","develop","34","58","Other","684","11105","2447","22499","2012-01-06 08:48:03.0","2020-11-19 20:37:14.0","2020-12-10 01:42:02.0","http://androidannotations.org","Java","1652","44","633","0","2020-11-19 20:37:10.0","52566338e49182279b3bc453f5fbc3f650d0da7e","true","false","Java,Shell","ContributionWelcome,Defect,Documentation,Enhancement,Merged,Task,WikiUpdateNeeded"
"apache/druid","false","10896","48","master","44","364","Apache License 2.0","629","10700","2881","225976","2012-10-23 19:08:07.0","2021-03-29 22:45:40.0","2021-03-29 20:58:05.0","https://druid.apache.org/","Java","3906","1021","7116","93","2021-03-29 20:57:58.0","8544d29bc7c7f5f762981b408c939a3988a0758f","true","false","Java,TypeScript,TeX,SCSS,Shell,JavaScript,Python,R,Stylus,Dockerfile,ANTLR,CSS,Roff,HTML,Thrift,Makefile,PostScript","Apache,Area - Automation/Static Analysis,Area - Batch Ingestion,Area - Cache,Area - Compaction,Area - Deep Storage,Area - Dependencies,Area - Dependency Injection,Area - Dev,Area - Documentation,Area - Extension,Area - Ingestion,Area - Lookups,Area - Metadata,Area - Metrics/Event Emitting,Area - Null Handling,Area - Operations,Area - Query UI,Area - Querying,Area - Router,Area - SQL,Area - Segment Balancing/Coordination,Area - Segment Format and Ser/De,Area - Streaming Ingestion,Area - Testing,Area - Web Console,Area - Zookeeper/Curator,Backport,Bug,Compatibility,Contributions Welcome,Design Review,Dev Productivity,Development Blocker,Discuss,Docker,Ease of Use,Ecosystem,Error handling,Evergreen,Feature,Feature/Change Description,Flaky test,HTTP,Helm Chart,Improvement,Incompatible,Kubernetes,Maven,Performance,PrestoDB Druid Connector,PrestoSQL Druid Connector,Priority - High,Priority - Low,Priority - Medium,Priority - Showstopper,Proposal,Question,Refactoring,Release Notes,Security,Stable API,Starter,Uncategorized problem report,WIP,duplicate,invalid,stale,wontfix"
"apache/dubbo","false","4591","5","master","29","367","Apache License 2.0","3231","34912","23329","30823","2012-06-19 07:56:02.0","2021-03-29 15:37:23.0","2021-03-29 18:16:17.0","http://dubbo.apache.org","Java","4142","778","3298","148","2021-03-29 06:07:37.0","49d402e4f63255cc8cd82b87b05d7a7dcaff1ff8","true","false","Java,Mustache,Shell,Lex,Batchfile,Thrift","ASOC2020,FAQ,Notification,cloud-native,compatibility,dependency-upgrade,dubbo  3.0,dubbo-admin,ecosystem,for/team-attention,good first issue,help wanted,level/easy,level/medium,level/tricky,metadata,priority/blocker,priority/high,priority/low,priority/normal,proposal,regression,related/dubbo-spi-extensions,related/nacos,related/rest,related/spring,related/zookeeper,reopen-later,status/DO-NOT-MERGE,status/READY-TO-MERGE,status/declined,status/feedback-provided,status/fix-in-next-release,status/invalid,status/need-external-jar-release,status/need-triage,status/wait-team-discuss,status/waiting-for-feedback,status/wontfix,type/bug,type/documentation,type/duplicate,type/enhancement,type/feature,type/performance,type/question & discussion,type/refactor,type/requirement,type/suspicious,type/unit-test,weekly report,work-in-progress (WIP)"
"apache/shardingsphere","false","28484","3","master","43","229","Apache License 2.0","987","13573","4611","395206","2016-01-18 12:49:26.0","2021-03-29 16:44:36.0","2021-03-29 14:34:58.0","","Java","4357","211","5460","12","2021-03-29 12:47:49.0","f3099d680c247ca141626da3368ea3d604dc65cc","false","false","Java,ANTLR,Shell,Dockerfile,Batchfile","db: MySQL,db: Oracle,db: PostgreSQL,db: SQLServer,feature: consensus-replication,feature: database-discovery,feature: encrypt,feature: governance,feature: observability,feature: query-optimization,feature: read-write-splitting,feature: scaling,feature: shadow,feature: sharding,feature: transaction,feature:agent,feature:authentication,good first issue,in: API,in: JDBC,in: SQL parse,in: document,in: example,in: kernel,in: metadata,in: proxy,in: spring,in: subquery,in: test,status: blocked,status: invalid,status: need more info,status: pending,status: volunteer wanted,status: won't fix,type: bug,type: build,type: community,type: dependencies,type: discussion,type: duplicate,type: enhancement,type: fixed,type: license,type: new feature,type: performance,type: question,type: refactor,type: release"
"apache/skywalking","false","6349","11","master","43","331","Apache License 2.0","844","16460","4846","158406","2015-11-07 03:30:36.0","2021-03-29 09:24:00.0","2021-03-29 13:33:15.0","https://skywalking.apache.org/","Java","3335","80","3304","10","2021-03-29 05:35:24.0","0c0a8d439383d8fd98d76a1d9199871b04c62304","false","false","Java,Shell,Python,FreeMarker,ANTLR,Kotlin,Batchfile,Scala,Makefile,Thrift,TypeScript,JavaScript,Go,PHP","CI settings,CLI,Client JS,Ecosystem,Nginx,SWCK,TBD,UI,agent,backend,bug,chore,complexity:high,complexity:medium,core feature,database,demo env,dependencies,discussion,docker,documentation,don't merge,duplicate,enhancement,exporter,feature,good first issue,high priority,invalid,no update,nodejs,plugin,protocol,python,query,question,so11y,submodule update,test,website,wontfix"
"arduino/arduino","false","7293","6","master","31","243","Other","1091","11568","6831","1382673","2010-09-17 19:10:36.0","2021-03-29 05:39:02.0","2021-03-29 10:22:07.0","http://www.arduino.cc/","Java","9547","803","1457","113","2021-03-09 08:20:05.0","ed67cd330ad5d88c1631908cfeb2ba0572dcb6d7","true","false","Java,Python,Shell,Perl,JavaScript","32bit Deprecation,Architecture: AVR,Architecture: SAM,Architecture: SAMD,Board: Arduino Due,Board: Arduino Robot,Component: Avrdude 6.3,Component: Board/Lib Manager,Component: Bootloader,Component: CLI,Component: Compilation,Component: Core,Component: Documentation,Component: Firmware,Component: Hardware,Component: HardwareSerial,Component: IDE,Component: IDE Serial monitor,Component: IDE user interface,Component: Preprocessor,Component: Proxy,Component: Toolchain,Component: USB Device,Component: Uploading,Component: Website,Drivers,Examples: ArduinoISP,Help wanted,IDE 1.9.x Beta,Java 9+,Library: Bridge,Library: EEPROM,Library: Ethernet,Library: HID,Library: LiquidCrystal,Library: Other,Library: SD,Library: SPI,Library: Scheduler,Library: Servo,Library: SoftwareSerial,Library: Stepper,Library: TFT,Library: Wifi,Library: Wire,Localization,OS: Linux,OS: Linux ARM,OS: OSX,OS: Windows,OS: Windows XP,On Hold,OpenJDK,Print and Stream class,SerialPlotter,Type: Bug,Type: Duplicate,Type: Improvement,Type: Invalid,Type: Regression,Type: Wontfix,Type: Works For Me,USB: CDC serial,Uncategorized,Upstream notified,Waiting for feedback,accessibility,arduino-builder,arduino-cli,c++14,editor-refactor,feature request,in progress,jmdns,libListSerial,package_index_incident,question,security,theme,windows store app"
"baomidou/mybatis-plus","false","4529","6","3.0","20","84","Other","33","10714","2947","16145","2016-08-18 10:06:53.0","2021-03-25 00:38:59.0","2021-03-25 08:50:46.0","https://baomidou.com","Java","3051","42","324","9","2021-03-22 03:23:41.0","34ebdf6ee673ccd10e3b87fec63f5497340f8ca2","true","false","Java,Kotlin","2.x,Comment,Gitalk,bug,dependencies,duplicate,enhancement,help wanted,invalid,question,todo :spiral_notepad:,wontfix"
"bazelbuild/bazel","false","29163","17","master","97","337","Apache License 2.0","597","16433","2918","752937","2014-06-12 16:00:38.0","2021-03-29 09:32:08.0","2021-03-29 12:05:42.0","https://bazel.build","Java","8586","1954","4119","110","2021-03-29 07:06:24.0","facc7d5273dc31bfca04968f0ee1ed7d2769ddf9","true","false","Java,Python,Shell,C++,HTML,Starlark,Smarty,C,PowerShell,Objective-C,Batchfile,Dockerfile,Objective-C++,Makefile,Ruby","P0,P1,P2,P3,P4,Starlark configuration,a11y,area-EngProd,area-ExternalDeps,area-Windows,area-java-Starlark_API,area-java-native_libs,area-java-toolchains,bad error messaging,bazel.build,breakage,breaking-change-0.20,breaking-change-0.21,breaking-change-0.22,breaking-change-0.23,breaking-change-0.24,breaking-change-0.25,breaking-change-0.26,breaking-change-0.27,breaking-change-1.0,breaking-change-2.0,breaking-change-3.0,breaking-change-4.0,breaking-change-5.0,category: BEP,category: misc > misc,category: misc > testing,category: rules > ObjC / iOS / J2ObjC,category: sandboxing,cla: no,cla: yes,coverage,duplicate,good first issue,help wanted,incompatible-change,migration-0.19,migration-0.20,migration-0.21,migration-0.22,migration-0.23,migration-0.24,migration-0.25,migration-0.26,migration-0.27,migration-0.28,migration-0.29,migration-1.0,migration-1.1,migration-1.2,migration-2.0,migration-2.1,migration-2.2,migration-3.0,migration-3.1,migration-3.2,migration-3.3,migration-3.4,migration-3.5,migration-3.6,migration-3.7,migration-4.0,migration-ready,more data needed,platform: apple,platform: linux,platform: other,platform: windows,query bugs,release,release blocker,team-Android,team-Bazel,team-Build-Language,team-Configurability,team-Core,team-Documentation,team-Local-Exec,team-Performance,team-Remote-Exec,team-Rules-CPP,team-Rules-Java,team-Rules-Python,team-Rules-Server,team-Starlark-Integration,team-Starlark-Interpreter,team-XProduct,type: bug,type: documentation (cleanup),type: feature request,type: process,type: support / not a bug (process),under investigation,untriaged,wip"
"blankj/androidutilcode","false","1317","40","master","116","31","Apache License 2.0","1183","28984","9627","47036","2016-07-30 18:18:32.0","2021-03-10 08:27:39.0","2021-03-12 03:13:30.0","https://blankj.com/2016/07/31/android-utils-code/","Java","1265","36","182","6","2021-02-21 18:48:22.0","66a4c0488ca6da273098058d70dabb0fe9b9bd8d","false","false","Java,Kotlin,Groovy,Shell","bug,duplicate,enhancement,help wanted,invalid,question,wontfix"
"brettwooldridge/hikaricp","false","2781","8","dev","100","114","Apache License 2.0","731","14573","2227","4626","2013-10-08 05:43:03.0","2021-02-14 22:06:16.0","2021-02-15 07:44:45.0","","Java","1394","249","334","38","2021-02-13 08:26:19.0","28f5486ecffe551e0e80b1ed5158e42472624123","true","false","Java,Shell","awaiting-response,bug,duplicate,enhancement,more-information-needed,not-a-bug,question,volunteer-needed,wontfix"
"bumptech/glide","false","2574","51","master","36","116","Other","1077","30911","5636","73408","2013-07-08 22:52:33.0","2021-03-25 00:01:47.0","2021-03-25 08:11:03.0","https://bumptech.github.io/glide/","Java","3923","207","575","20","2021-03-24 23:11:55.0","71e7c2f9efaecfa224c13ed48dbdeddeeabe163e","true","false","Java,Shell","GIF,bug,build stability,cla: no,cla: yes,documentation,enhancement,feature,good first issue,help wanted,import-ready,kotlin,missing issue template,needs triage,non-library,question,repro-needed,reproducible,resource_leak,stale,v3,v4,view size,wontfix"
"carguo/gsyvideoplayer","false","1235","7","master","24","10","Apache License 2.0","412","15956","3536","357369","2016-11-13 12:34:31.0","2021-03-29 02:12:13.0","2021-03-29 07:42:58.0","https://juejin.im/user/582aca2ba22b9d006b59ae68/posts","Java","3033","16","28","1","2021-03-29 02:09:14.0","56694576e1918f107f5ba1d6e51d3d3705e91ca2","true","false","Java,Shell","bug,duplicate,enhancement,help wanted,invalid,need more information,not player issues,question,waiting fix,wontfix"
"chrisbanes/photoview","false","453","1","master","20","38","Apache License 2.0","667","17410","3790","16877","2012-07-17 16:39:00.0","2021-01-11 14:56:05.0","2021-01-14 09:27:47.0","","Java","625","153","142","11","2020-04-09 19:46:09.0","d2a1173d74816e96560f4d60115d5fcc30f86b47","false","false","Java","bug,duplicate,enhancement,invalid,on hold,question,wontfix"
"ctripcorp/apollo","false","2480","11","master","30","74","Apache License 2.0","1317","24160","8839","46230","2016-03-04 10:24:23.0","2021-03-28 12:46:09.0","2021-03-28 15:21:43.0","","Java","2412","218","1174","7","2021-03-28 12:46:09.0","e27d6d329bdcae9fef6679ad3854d7da9d63759f","true","false","Java,HTML,JavaScript,Shell,CSS,Dockerfile,Mustache,Batchfile","TBD,area/adminservice,area/client,area/configservice,area/demo,area/docker,area/document,area/kubernetes,area/metaserver,area/mysql,area/openapi,area/operations,area/portal,area/quick-start,area/sdk,area/security,area/test,area/ui,bug,dependencies,discussion,duplicate,enhancement,feature,feature request,good first issue,help wanted,info,invalid,kind/dependencies,kind/question,kind/report-problem,need investigation,nodejs,not-bug,observability,stale,status/fixed,status/need-feedback,tips,user-case,wontfix"
"cymchad/baserecyclerviewadapterhelper","false","1207","8","master","191","39","MIT License","567","21666","4617","64854","2016-04-10 07:40:11.0","2021-03-29 11:43:09.0","2021-03-29 13:08:03.0","http://www.recyclerview.org/","Java","3178","323","269","10","2021-03-18 14:17:13.0","2813dd1dac57d2e0309c2315f8569e455735c343","true","false","Java,Kotlin","bug,duplicate,enhancement,features,help wanted,invalid,processing,question,tip,unreproduced,wontfix"
"daimajia/androidswipelayout","false","175","5","master","20","18","MIT License","473","11953","2718","399","2014-08-25 04:09:33.0","2020-10-01 05:30:12.0","2020-12-09 18:25:03.0","","Java","497","351","62","24","2017-07-11 00:35:26.0","5f8678b04751fb8510a88586b22e07ccf64bca99","true","false","",""
"daimajia/androidviewanimations","false","145","3","master","14","18","MIT License","474","11609","2365","297","2014-06-23 03:53:13.0","2020-08-30 15:10:57.0","2020-12-09 16:31:31.0","","Java","126","49","33","7","2020-08-30 14:45:20.0","6a35c466d23e49c5cd174289ebe8d9ccdbc69044","true","false","","bug,duplicate,enhancement,help wanted,invalid,question,wontfix"
"dbeaver/dbeaver","false","19085","50","devel","124","157","Apache License 2.0","474","19730","1830","277355","2015-10-21 08:26:28.0","2021-03-29 19:50:04.0","2021-03-30 00:22:18.0","https://dbeaver.io","Java","10046","1363","1510","8","2021-03-29 16:46:34.0","04f3251c982280176abdcb5af94bd60a4c3254ab","true","false","Java,JavaScript,C++,CSS,XSLT,HTML,Batchfile,Shell","AS,blocked,bug,can't reproduce,dependencies,development,duplicate,ee,enhancement,environment,feature request,good first issue,help wanted,inreview,new driver,other,planned,question,sp:1,sp:2,sp:3,sp:5,sp:8,third party issue,wait for response,wait for review,wiki,won't fix,x:athena,x:aws,x:bigquery,x:bigtable,x:cassandra,x:clickhouse,x:cockroachdb,x:couchdb,x:db2,x:derby,x:dynamodb,x:exasol,x:firebird,x:gcp,x:generic,x:greenplum,x:h2,x:hana,x:hive,x:impala,x:informix,x:maria,x:mongo,x:mssql,x:mysql,x:netezza,x:odbc,x:oracle,x:postgresql,x:presto,x:redis,x:redshift,x:snowflake,x:sqlite,x:sybase,x:teradata,x:trino,x:vertica,xf:dark theme,xf:data,xf:data compare,xf:datatransfer,xf:debug,xf:erd,xf:gis,xf:i18n,xf:installer,xf:mock data,xf:navigator,xf:schema compare,xf:snap,xf:sql,xo:eclipse,xo:linux,xo:macos,xo:windows,xp:major,xp:minor"
"dromara/hutool","false","1821","2","v5-master","83","94","Other","596","18401","5503","37491","2014-04-13 07:23:51.0","2021-03-28 15:11:23.0","2021-03-29 02:28:27.0","http://www.hutool.cn","Java","1159","0","327","1","2021-03-28 06:43:42.0","068e51e126e843c4afd4e66b0a68fafd484f8d88","false","false","Java,Shell,HTML,JavaScript,FreeMarker","bug,duplicate,enhancement,help wanted,invalid,question,wontfix"
"elastic/elasticsearch","false","57975","115","master","44","355","Other","2775","54246","19536","803789","2010-02-08 13:20:56.0","2021-03-29 03:35:51.0","2021-03-29 03:26:29.0","https://www.elastic.co/products/elasticsearch","Java","26560","2774","44199","388","2021-03-28 22:23:30.0","3725cb53da15892a83ac467aaaf1cd6e49cd9c31","false","false","Java,Groovy,Shell,ANTLR,Batchfile,Python,Dockerfile,CSS,Emacs Lisp,HTML,PowerShell,JavaScript,Mustache,FreeMarker",":Analytics/Aggregations,:Analytics/Geo,:Analytics/Graph,:Analytics/Rollup,:Core/Features/CAT APIs,:Core/Features/Data streams,:Core/Features/Features,:Core/Features/ILM+SLM,:Core/Features/Indices APIs,:Core/Features/Ingest,:Core/Features/Java High Level REST Client,:Core/Features/Java Low Level REST Client,:Core/Features/Monitoring,:Core/Features/Stats,:Core/Features/Watcher,:Core/Infra/CLI,:Core/Infra/Circuit Breakers,:Core/Infra/Core,:Core/Infra/Logging,:Core/Infra/Node Lifecycle,:Core/Infra/Plugins,:Core/Infra/REST API,:Core/Infra/Resiliency,:Core/Infra/Scripting,:Core/Infra/Settings,:Core/Infra/Transport API,:Delivery/Build,:Delivery/Cloud,:Delivery/Packaging,:Delivery/Tooling,:Distributed/Allocation,:Distributed/Autoscaling,:Distributed/CCR,:Distributed/CRUD,:Distributed/Cluster Coordination,:Distributed/Discovery-Plugins,:Distributed/Distributed,:Distributed/Engine,:Distributed/Network,:Distributed/Recovery,:Distributed/Reindex,:Distributed/Snapshot/Restore,:Distributed/Store,:Distributed/Task Management,:Docs,:Performance,:Query Languages/EQL,:Query Languages/SQL,:Search/Analysis,:Search/Highlighting,:Search/Mapping,:Search/Percolator,:Search/Ranking,:Search/Search,:Search/Suggesters,:Security/Audit,:Security/Authentication,:Security/Authorization,:Security/Client,:Security/FIPS,:Security/IdentityProvider,:Security/License,:Security/Security,:Security/TLS,:ml,:ml/Transform,>breaking,>breaking-java,>bug,>deprecation,>docs,>enhancement,>feature,>new-aggregation,>new-field-mapper,>non-issue,>refactoring,>regression,>test,>test-failure,>test-mute,>upgrade,Awaiting CLA,Dependency:Endpoint,Dependency:SIEM,Initiative:MakeItSlow,Meta,PITA,Pioneer Program,Pretty Bloody Important,Team:Analytics,Team:Clients,Team:Core/Features,Team:Core/Infra,Team:Delivery,Team:Distributed,Team:Docs,Team:ML,Team:Performance,Team:QL"
"facebook/fresco","false","2833","8","master","43","199","MIT License","892","16521","3742","72250","2015-03-02 09:58:04.0","2021-03-25 19:21:28.0","2021-03-25 19:21:33.0","https://frescolib.org/","Java","2166","123","392","10","2021-03-25 19:21:23.0","10f431f3f129809e0ee76a03a7951a50e792a098","true","false","Java,C++,C,Makefile,Python,Kotlin,Shell,Prolog","CLA Signed,GH Review: accepted,GH Review: needs-revision,GH Review: review-needed,Import Started,Merged,Stack Overflow,bug,build,docs,duplicate,enhancement,fh:direct-merge-enabled,good first issue,help wanted,imported,needs-details,question,rejected,soloader,stale,starter-task"
"facebook/stetho","false","585","6","master","13","51","MIT License","388","12175","1125","2343","2015-01-22 22:34:10.0","2021-03-20 21:13:22.0","2021-03-20 22:02:55.0","http://facebook.github.io/stetho/","Java","369","58","313","17","2021-03-20 17:50:03.0","12e0df007981a92e8aa2683fd2077e23f9e2617b","true","false","Java,JavaScript,Python,Shell","CLA Signed,bug,duplicate,enhancement,help wanted,invalid,question,wontfix"
"facebookarchive/stetho","false","580","5","master","12","54","MIT License","386","12132","1113","2329","2015-01-22 22:34:10.0","2020-10-14 12:23:01.0","2020-12-09 06:32:20.0","http://facebook.github.io/stetho/","Java","367","57","312","17","2019-10-15 18:34:55.0","5cc93ec78908cdded19c5352a90635a33cf2fa7f","true","true","Java,JavaScript,Python,IDL,Shell","CLA Signed,bug,duplicate,enhancement,help wanted,invalid,question,wontfix"
"google/guava","false","5460","12","master","32","257","Apache License 2.0","2483","40688","9097","316275","2014-05-29 16:23:17.0","2021-03-29 18:38:38.0","2021-03-29 20:05:13.0","","Java","3230","659","893","73","2021-03-29 18:12:41.0","26cef449be327744c2f9652d9099e3b57d6b07f8","true","false","Java,CSS,Shell,JavaScript","P0,P1,P2,P3,P4,cla: no,cla: yes,dependencies,filler,internal-sync,invalid,package=annotations,package=base,package=cache,package=collect,package=concurrent,package=escape,package=eventbus,package=general,package=graph,package=hash,package=io,package=math,package=net,package=primitives,package=reflect,package=testing,platform=android,platform=gwt,platform=java11,platform=java8,status=duplicate,status=fixed,status=in-progress,status=invalid,status=obsolete,status=research,status=triaged,status=will-not-fix,status=working-as-intended,type=addition,type=api-docs,type=debeta,type=defect,type=documentation,type=enhancement,type=other,type=performance"
"google/guice","false","1926","4","master","14","60","Apache License 2.0","573","10021","1435","83639","2014-05-28 23:18:53.0","2021-03-08 18:12:31.0","2021-03-09 17:04:34.0","https://github.com/google/guice","Java","1107","302","395","60","2021-03-08 18:00:47.0","dc7f4858f9cbb1babe50e962ed5e145536844ad8","true","false","Java,Shell,HTML","1.0RC3,1.1,3.0,3.1,Component-AOP,Component-Core,Component-Docs,Component-JSR330,Component-Manual,Component-New,Component-NewExtension,Component-Persist,Component-Scripts,Component-Servlet,Component-Struts,Component-Unknown,Extension-AssistedInject,Extension-Grapher,Extension-JMX,Extension-Multibinder,Extension-Multibindings,Extension-Servlet,Extension-Struts,Extension.AOP,Extension.AssistedInject,Extension.JSR330,Extension.Multibindings,Extension.Servlet,Extension.ThrowingProvider,Extensions-AssistedInject,Maven,Milestone-Release2.0,Milestone-Release2.1,Milestone-Release3.1,Milestone-Release4.0,OpSys-All,OpSys-Android,Performance,Priority-Critical,Priority-High,Priority-Low,Priority-Medium,Scrubbed,Security,Struts2,Type-Build,Type-CodeQuality,Type-Extension,Type-Other,Type-Patch,Type-Review,Type-Task,bug,cla: no,cla: yes,dependencies,duplicate,eclipse,enhancement,help wanted,imported,internal-sync,invalid,osgi,question,wontfix"
"google/tink","false","3399","13","master","18","82","Apache License 2.0","373","11199","929","33742","2014-06-06 16:21:09.0","2021-03-29 21:57:21.0","2021-03-29 20:40:35.0","","Java","318","63","160","10","2021-03-29 16:48:21.0","8229bdd03427f2f5e2e6ff05e54827f4841b95af","true","false","Java,C++,Go,Starlark,Python,TypeScript,Objective-C++,CMake,Objective-C,Shell,C,Ruby","bug,cla: no,cla: yes,dependencies,duplicate,enhancement,help wanted,invalid,java,question,wontfix,work in progress"
"googlecontainertools/jib","false","1826","21","master","113","72","Apache License 2.0","337","10426","1034","14727","2018-01-22 18:30:43.0","2021-03-30 00:25:20.0","2021-03-29 20:17:53.0","","Java","1244","108","1925","15","2021-03-29 19:24:42.0","c2cc4365f1fbc0ad8cebf66881695e27d181253b","true","false","Java,Shell,HTML,Batchfile,JavaScript","Issue: In Review,PR: Merge After Release,PR: Not Ready,area/jib-cli,area/jib-core,area/jib-gradle-plugin,area/jib-maven-plugin,cla: no,cla: yes,dependencies,discuss,github_actions,good first issue,help wanted,in progress,java,kind/bug,kind/documentation,kind/feature,kind/open-question,kind/tech debt,kind/user-question,kokoro:run,priority/p0,priority/p1,priority/p2,priority/p3,priority/p4,proposal,release,triage/discuss"
"greenrobot/greendao","false","883","3","master","19","6",,"547","12324","2865","7357","2011-10-22 16:15:14.0","2021-02-02 13:18:49.0","2021-02-03 02:07:25.0","http://greenrobot.org/greendao/","Java","938","178","127","46","2021-02-02 13:18:48.0","2611b1c8d220953c1308131a225a0cf41dce3d1f","false","false","",""
"halo-dev/halo","false","1963","2","master","68","56","GNU General Public License v3.0","437","18412","6315","32517","2018-03-21 12:56:52.0","2021-03-29 15:32:59.0","2021-03-29 15:33:06.0","https://halo.run","Java","855","68","448","1","2021-03-29 15:32:59.0","eed1ef379db329118f93adbd367b8c87478aa689","false","false","Java,Less,FreeMarker,Vue,Dockerfile,Shell","bug,dependencies,duplicate,enhancement,good first issue,help wanted,invalid,question,resolved,statistics,vulnerability,wontfix"
"hdodenhof/circleimageview","false","159","2","master","15","14","Apache License 2.0","413","13676","3023","1000","2014-01-17 16:44:46.0","2020-12-30 07:44:38.0","2021-01-07 13:49:41.0","","Java","347","5","56","1","2020-12-30 07:44:36.0","f599e991fae34af6047030bd7710d244c8ad4dfe","false","false","",""
"ibotpeaches/apktool","false","1760","3","master","13","63","Apache License 2.0","623","11547","2713","185785","2012-03-19 17:46:53.0","2021-03-28 21:33:13.0","2021-03-29 03:11:48.0","https://ibotpeaches.github.io/Apktool","Java","2241","44","275","2","2021-03-28 21:26:35.0","0a7b84378668d5103a892628c7b613c47c7c33c1","false","false","Java,Shell,Smali,Batchfile","9patch,ARSC,Bug,Docs,Feature,First-Time,StringBlock,Waiting for issuer,Windows,aapt/aapt2,smali"
"jakewharton/butterknife","false","1016","4","master","48","97","Apache License 2.0","1092","25584","4745","3909","2013-03-05 08:18:59.0","2021-01-07 07:11:24.0","2021-01-08 01:39:41.0","http://jakewharton.github.io/butterknife/","Java","1147","95","489","19","2020-09-04 02:00:12.0","fcdebedf3276096db2f51bf6372b849b5a9c75ed","false","false","",""
"jakewharton/viewpagerindicator","false","241","3","master","15","25",,"700","10210","4182","8657","2011-08-04 17:13:44.0","2017-11-26 17:13:46.0","2020-12-11 02:24:42.0","http://viewpagerindicator.com","Java","281","135","149","80","2012-09-12 16:08:57.0","8cd549f23f3d20ff920e19a2345c54983f65e26b","false","true","","Bug Report,Feature Request,Fixed-Not-Released"
"jeasonlzy/okhttp-okgo","false","250","2","master","14","4","Apache License 2.0","396","10191","2490","84860","2016-01-15 10:35:24.0","2020-05-09 13:57:40.0","2020-12-09 14:34:45.0","","Java","939","427","19","7","2017-08-11 06:28:19.0","e34c2fa150dba4fa6e9460439f6c30adeea48225","true","false","",""
"jenkinsci/jenkins","false","31022","33","master","91","301","MIT License","886","17094","6733","126287","2010-11-22 21:21:23.0","2021-03-29 11:37:31.0","2021-03-30 00:32:05.0","https://www.jenkins.io","Java","0","0","5346","53","2021-03-29 07:39:04.0","669f54a4b63a1f9f0b9f9bca2db576d9e585dcfe","false","false","Java,HTML,JavaScript,CSS,Less,Groovy,Ruby,Handlebars,Perl,Shell,GAP,C,Dockerfile,Batchfile","alternative,bug,dependencies,developer,github_actions,gsoc,hacktoberfest,hacktoberfest-accepted,internal,into-lts,invalid,java,java11,localization,major-bug,major-rfe,needs-docs,needs-fix,needs-jira-issue,needs-justification,needs-more-reviews,needs-testcase,on-hold,plugin-api-changes,proposed-for-close,ready-for-merge,regression-fix,removed,rfe,skip-changelog,spam,squash-merge-me,stalled,unresolved-merge-conflict,upgrade-guide-needed,web-ui,work-in-progress"
"jessyancoding/androidautosize","false","331","1","master","14","4","Apache License 2.0","203","10915","1576","3121","2018-08-17 09:04:19.0","2020-07-15 07:47:56.0","2020-12-09 06:47:03.0","","Java","318","31","7","0","2020-07-15 07:47:54.0","ee03f086a64f6f1aef450a97ac0d3174732457e0","true","false","",""
"justauth/justauth","false","589","3","master","39","21","MIT License","282","11026","1956","9152","2019-01-31 09:42:20.0","2021-03-29 03:04:03.0","2021-03-29 09:42:09.0","https://justauth.wiki","Java","59","25","52","2","2021-02-19 09:58:39.0","e3f5f49ec82ced31de70d8e3b0486ec3173d8973","true","false","Java,Shell","bug,dependencies,duplicate,enhancement,good first issue,help wanted,invalid,question,wontfix"
"konloch/bytecode-viewer","false","297","1","master","48","19","GNU General Public License v3.0","383","11941","859","574390","2014-10-14 10:26:46.0","2021-03-15 15:08:34.0","2021-03-15 19:02:15.0","https://bytecodeviewer.com","Java","228","63","58","3","2020-07-26 01:45:10.0","a306db20ab1aaa110a9e0e89606b779f4349d08f","false","false","Java,HTML,Batchfile,Python","Bug,Discussion,Enhancement,Linux Bug,OSX Bug,Question"
"lipangit/jiaozivideoplayer","false","1858","3","develop","90","25","MIT License","323","10296","2416","143896","2016-02-06 11:04:24.0","2020-09-14 19:02:20.0","2020-12-09 15:26:40.0","","Java","2643","254","72","8","2019-12-26 08:57:02.0","3db479b1a816965336fa5884708037a0a2971c33","true","false","",""
"lmax-exchange/disruptor","false","1148","17","master","10","43","Apache License 2.0","1312","13539","3328","8939","2012-09-21 13:42:24.0","2021-03-21 00:41:32.0","2021-03-21 03:31:12.0","http://lmax-exchange.github.io/disruptor/","Java","237","13","119","2","2021-03-19 14:32:18.0","3b5ec74facb180b340ec0bd229cf3be3d715f28c","true","false","Java,HTML,Shell","bug,documentation,duplicate,enhancement,invalid,performance,question,testing,wontfix"
"looly/hutool","false","1742","2","v5-master","81","92","Other","594","18215","5433","36956","2014-04-13 07:23:51.0","2021-03-14 02:09:36.0","2021-03-14 02:08:55.0","http://www.hutool.cn","Java","1152","0","316","0","2021-03-12 16:18:39.0","83ed9b1f9b2fe0b72e820c4181af57c364b877b4","false","false","Java,Shell,HTML,JavaScript,FreeMarker","bug,duplicate,enhancement,help wanted,invalid,question,wontfix"
"lucksiege/pictureselector","false","2611","2","master","91","4","Apache License 2.0","190","10060","2241","199443","2017-01-04 07:47:39.0","2021-03-24 11:21:01.0","2021-03-24 12:27:45.0","","Java","1865","371","30","13","2021-03-24 11:21:01.0","e2d9d0fd49ce0db9e1580287dd7862417fe8b24b","true","false","Java","bug,duplicate,enhancement,help wanted,invalid,question,wontfix"
"material-components/material-components-android","false","3780","7","master","34","139","Apache License 2.0","415","12117","2316","58378","2016-12-05 16:11:29.0","2021-03-25 18:50:57.0","2021-03-25 18:51:02.0","","Java","1799","662","341","43","2021-03-25 18:50:26.0","ffb2ad14ffaeb82901ff31ec79051f3c1ac068a3","false","false","Java","Awaiting Design Feedback,Good First Issue,Merged,Needs Investigation,P0,P1,P2,P3,P4,Rejected,Waiting For Merge,Work In Progress (WIP) PR,bug,cla: no,cla: yes,cleanup,duplicate,enhancement,feature request,help wanted,invalid,new component,not reproducible,process,question,studio,wontfix"
"medcl/elasticsearch-analysis-ik","false","252","4","master","128","36","Apache License 2.0","611","11749","2656","7584","2011-12-16 09:01:45.0","2021-03-29 15:09:07.0","2021-03-29 15:41:08.0","","Java","772","287","94","12","2020-09-06 08:34:40.0","5a1b8c8da629a05bd7c16245da5cbe0d3a0dad1c","true","false","Java",""
"mockito/mockito","false","5504","40","release/3.x","160","212","MIT License","434","11649","2071","47020","2012-10-13 20:27:12.0","2021-03-29 20:55:26.0","2021-03-29 20:47:17.0","http://mockito.org","Java","1177","286","1069","15","2021-03-29 20:47:13.0","c5be5c3144af9198acf3f33190c0f45718627a2f","true","false","Java,Kotlin,XSLT,Groovy,Shell","1.* incompatible,2.* incompatible,BDD,Groovy-lang,OSGI,WIP,android,awaiting response,bug,build,byte-buddy-1.8.0,community feedback,continuous integration,dependencies,docs,duplicate,enhancement,epic,exploring idea,feedback-needed,final-class-or-methods,framework integrations,in progress,injection,invalid,java,java-10,java-11,java-12,java-8,java-9,junit5,kotlin,maybe,new feature,not needed,noteworthy,on hold,please contribute,question,ready,refactoring,strictness,testng,wontfix"
"mybatis/mybatis-3","false","3693","7","master","33","171","Other","1205","15295","10352","106807","2013-02-14 19:03:32.0","2021-03-25 17:06:49.0","2021-03-26 00:03:18.0","http://mybatis.github.io/mybatis-3/","Java","1073","110","1126","54","2021-03-25 17:06:22.0","b4275bdcc851cb13f40b520a03df9650069caffe","true","false","Java,CSS,TSQL,PLpgSQL","bug,bug on dependency library,dependencies,documentation,duplicate,enhancement,good first issue,in progress,invalid,no backward compatibility,polishing,question,ready,security,waiting for feedback,wontfix"
"netflix/eureka","false","1666","17","master","138","95","Apache License 2.0","979","10295","3098","12054","2012-07-26 22:23:07.0","2021-03-23 20:15:36.0","2021-03-24 14:15:53.0","","Java","553","25","797","1","2021-03-18 22:04:58.0","04ee3177cb18422dfd9436544735f84c0e0c0612","true","false","Java,Shell,CSS","1.x,2.x,Awaiting response,bug,documentation,duplicate,enhancement,help wanted,invalid,question,stale,test bug,wontfix"
"netflix/hystrix","false","2109","10","master","151","109","Apache License 2.0","1684","21044","4296","9784","2012-11-19 20:14:46.0","2021-02-05 08:39:30.0","2021-02-05 17:15:38.0","","Java","1009","336","795","46","2018-11-19 22:20:36.0","3cb21589895e9f8f87cfcdbc9d96d9f63d48b848","true","false","Java,Clojure,CSS,Groovy","PR-welcome,bug,clojure,dashboard,discussion,documentation,duplicate,enhancement,hystrix-core,invalid,javanica,metrics,performance,question,wontfix"
"nostra13/android-universal-image-loader","false","1038","3","master","15","38","Apache License 2.0","1385","16772","6288","27128","2011-11-27 18:48:23.0","2020-04-06 21:07:32.0","2020-12-09 12:51:40.0","","Java","1208","437","147","0","2020-04-06 21:07:18.0","458df4da2e23ba9ad76c79241a948cdfcccf72ae","true","false","",""
"openzipkin/zipkin","false","2626","41","master","183","146","Apache License 2.0","715","13887","2632","64317","2012-06-06 18:26:16.0","2021-01-05 14:24:56.0","2021-01-07 18:06:10.0","https://zipkin.io/","Java","1196","130","2101","9","2021-01-05 14:24:55.0","4a690eb1486eea8d5eaf10e47f1ea350b3ad0959","true","false","Java,JavaScript,TypeScript,Shell,Dockerfile,HTML,CSS","bug,cassandra,chore,collector,dependencies,docker,docs,duplicate,elasticsearch,enhancement,feedback-needed,help wanted,icebox,invalid,kafka,model,mysql,over capacity,performance,question,rabbitmq,releng,rule-of-three,server,storage,techdebt,ui,wontfix,zipkin3"
"oracle/graal","false","55462","23","master","32","205","Other","481","14896","1120","194053","2016-01-14 17:11:35.0","2021-03-29 18:59:06.0","2021-03-30 00:34:55.0","https://www.graalvm.org","Java","2334","660","948","103","2021-03-29 17:30:37.0","8833ed9804afbd2002e08fd450638ed457c3d531","false","false","Java,C,Python,WebAssembly,C++,JavaScript,LLVM,Makefile,TypeScript,ANTLR,Shell,Ruby,Jsonnet,Slash,Clojure,Batchfile,Objective-C,HTML,R","Java8,accept,agent,bug,building,compiler,configuration,dependencies,do not merge,docker,documentation,duplicate,enhancement,feature,good first issue,gu,help wanted,invalid,java,java on truffle,javascript,llvm,native-image,oca-signed,on hold,oracle-emp,performance,platform-darwin,platform-linux,platform-windows,python,quarkus,question,r,ruby,spring,tools,tracking,truffle,unconfirmed,vscode,wasm,wontfix"
"orhanobut/logger","false","144","1","master","21","10","Apache License 2.0","379","12566","2018","1875","2015-03-20 22:30:12.0","2020-10-29 10:49:01.0","2020-12-09 00:32:09.0","","Java","185","51","60","11","2018-04-10 07:53:13.0","4a85b788a09b166e0953db09d582e9cc51b396e9","false","false","Java,Kotlin","bug,feature request,help needed,waiting for reply"
"pagehelper/mybatis-pagehelper","false","542","3","master","58","19","MIT License","525","10095","2853","4691","2014-06-09 15:32:30.0","2021-02-22 04:23:46.0","2021-02-22 06:17:41.0",,"Java","551","154","36","5","2021-02-22 04:23:09.0","372133a277d7987fcb8852bb5499398606852fa5","true","false","Java","SQL解析,bug,dependencies,优化,待处理,补充信息"
"permissions-dispatcher/permissionsdispatcher","false","766","1","master","40","29","Apache License 2.0","276","10502","1380","2953","2015-08-15 21:41:05.0","2021-03-15 15:24:44.0","2021-03-15 19:40:47.0","https://github.com/permissions-dispatcher/PermissionsDispatcher","Java","435","13","283","0","2021-03-15 15:24:41.0","5b937ccba851a42719d21b76a8da110705f56538","false","false","Java,Kotlin,Groovy","bug,contributionwelcome,enhancement,inquiry,ktx,proposal"
"philjay/mpandroidchart","false","2068","6","master","44","66","Other","1136","32970","8313","21625","2014-04-25 14:29:47.0","2021-03-19 04:37:35.0","2021-03-19 15:43:39.0","","Java","4626","1814","469","117","2020-10-29 15:31:19.0","5a732b04278a983d32856c75ad552f2dcbbd922d","true","false","Java","bug,discuss,docs,duplicate,enhancement,feature,fix,invalid,pending,style,wontfix"
"pinpoint-apm/pinpoint","false","11685","13","master","46","95","Apache License 2.0","767","11278","3393","230521","2014-10-20 09:27:22.0","2021-03-29 10:16:32.0","2021-03-29 13:09:14.0","https://pinpoint-apm.github.io/pinpoint/","Java","3094","163","4656","36","2021-03-26 10:49:35.0","2cff5e4a7a773c966d5cfb427c04fb58c1d8db03","true","false","Java,TypeScript,CSS,HTML,SCSS,Less,Thrift,Shell,JavaScript,Groovy,TSQL,Batchfile","FAQ,bug,cleanup,configuration,dependencies,docker,document,enhancement,help wanted,invalid,known-issue,lib-update,log,module:agent,module:batch,module:collector,module:flink,module:plugin,module:project-common,module:test,module:web,notices,proposal,question,release,security,stale,test,troubleshooting,ui,waiting for review,wontfix"
"proxyee-down-org/proxyee-down","false","474","13","master","50","9","Apache License 2.0","991","25553","4671","26858","2017-10-25 10:07:27.0","2020-08-11 09:34:25.0","2020-12-09 10:34:44.0",,"Java","?","?","33","0","2020-08-11 09:34:24.0","ec921c3c2ca6e205484ec52ab8a8649c8f882e5c","true","false","",""
"reactivex/rxandroid","false","511","3","3.x","19","66","Apache License 2.0","1039","19327","2991","949","2014-08-19 03:46:38.0","2021-02-04 19:46:59.0","2021-02-05 10:43:14.0","","Java","338","0","229","1","2021-01-07 17:40:59.0","f1ddbcb637a2bc3f873db204f3af9d8b01688550","true","false","Java,Shell","bug,duplicate,enhancement,help wanted,invalid,needs-info,question,wontfix"
"reactivex/rxjava","false","5860","4","3.x","215","267","Apache License 2.0","2313","44401","7386","125610","2013-01-08 20:11:48.0","2021-03-28 12:12:30.0","2021-03-28 14:17:55.0","","Java","3022","9","3554","1","2021-03-26 22:07:08.0","11b50a5ee28369a7004c1240cfaf7ea081febced","true","false","Java,CSS,Shell","1.x,2.x,3.x,API promotion,Android,Bug,Build,Cleanup,Coverage,Deprecation,Discussion,Documentation,Duplicate,Enhancement,Feature-Request,Information,Invalid,Investigating,Java 8,Kotlin,Missing-Details,PR welcome,Performance,Performance: allocation,Performance: throughput,Question,Removal,Retrofit,Shortcoming,StackOverflow,Test,Test-Failures,Tools,Wont-Fix,dependencies,good first issue"
"redisson/redisson","false","6385","4","master","92","95","Apache License 2.0","888","16035","3914","16584","2014-01-11 14:06:25.0","2021-03-28 08:47:08.0","2021-03-28 13:25:55.0","https://redisson.pro","Java","3109","181","406","24","2021-03-26 07:11:17.0","acbff29eab675ddc6fcfac4e4ae5dbb0f7c3ae45","true","false","Java","bug,dependencies,duplicate,enhancement,feature,hibernate,invalid,new command,pubsub,question,redis vendor bug,redis-cluster,suggestion,tomcat,wontfix"
"scwang90/smartrefreshlayout","false","1072","4","master","11","3","Apache License 2.0","519","22031","4537","273174","2017-06-02 09:52:50.0","2021-01-06 14:31:20.0","2021-01-07 08:08:29.0","https://segmentfault.com/a/1190000010066071","Java","1267","121","20","2","2021-01-06 14:30:40.0","ac4a5bdbdca525144d8d62328d966d466e289163","true","false","Java,Batchfile",""
"seata/seata","false","1216","12","develop","30","202","Apache License 2.0","877","19033","5848","7418","2018-12-28 08:37:22.0","2021-03-29 09:19:02.0","2021-03-29 11:17:46.0","https://seata.io","Java","1991","439","1607","78","2021-03-26 15:18:12.0","2dac3a5062ed5fe5dd027fac6105dbcd32767f9e","true","false","Java,ANTLR,JavaScript,Shell,Less,Mustache,Python,HTML,Dockerfile","DB: H2,DB: MySQL,DB: Oracle,DB: PgSQL,DB: SQLServer,DL: MyCat,DL: Sharding-JDBC,Do Not Merge,MQ: RocketMQ,ORM,ORM: JPA,ORM: MyBatis,ORM: MyBatis-Plus,RM,RPC,RPC-Registry,RPC: Dubbo,RPC: Motan,RPC: SpringCloud,TC,TC/store,TM,Upgrade Notice,closed: declined,closed: duplicate,closed: invalid,closed: solved,closed: superseded,closed: temporarily-not-supported,first-time contributor,for: external-project,for: team-attention,for: team-meeting,good first issue,mode: AT,mode: LCN,mode: SAGA,mode: TCC,mode: XA,module/common,module/compressor,module/config,module/core,module/discovery,module/distribution,module/integration,module/metrics,module/registry,module/rm,module/rm-datasource,module/saga,module/script,module/seata-spring-boot-starter,module/serializer,module/server,module/spring,module/sqlparser,module/tcc,module/test,module/tm,priority: high,priority: low,priority: normal,priority: urgent,size: L,size: M,size: S,size: XL,size: XS,size: XXL,solution/MySQL,solution/Oracle,solution/RegistrationCenter,solution/build,status: feedback-provided,status: feedback-reminder,status: help-wanted,status: inactive,status: merge-conflict,status: on-hold,status: to-be-discussed,status: to-be-supported,status: waiting-for-feedback,status: waiting-for-triage,testing/performance,testing/stress,theme: ASoC2020,theme: DB support,theme: HA,theme: code style,theme: config,theme: demo,theme: docker,theme: experience,theme: netty,theme: network,theme: performance,theme: storage,theme: wiki-document,type: bug"
"seleniumhq/selenium","false","26780","22","trunk","27","386","Apache License 2.0","1334","20432","6225","1895680","2013-01-14 21:40:56.0","2021-03-29 16:17:43.0","2021-03-30 00:01:15.0","https://selenium.dev","Java","7160","175","2098","25","2021-03-29 16:16:25.0","eaa10470f62dcfd04bdbfcf7775bcb32223d887d","true","false","Java,C#,JavaScript,C++,HTML,Ruby,Python,Starlark,TypeScript,C,Shell,Batchfile,Makefile,CSS,Ragel,Objective-C,XSLT,ASP.NET","A-build failed,A-needs decision,A-needs new owner,A-tests failed,C-WebDriverBackedSelenium,C-build,C-cpp,C-docs,C-dotnet,C-grid,C-htmlrunner,C-ide,C-infra,C-java,C-nodejs,C-py,C-rb,C-remote,C-server,D-IE,D-atoms,D-chrome,D-edge,D-firefox,D-htmlunit,D-marionette,D-safari,E-easy,E-hard,E-less easy,G-w3c,I-cleanup,I-defect,I-enhancement,I-needs investigation,I-papercut,I-performance,I-question,I-race,I-regression,OS-linux,OS-mac,OS-windows,R-awaiting answer,R-awaiting merge,R-awaiting review,R-awaits CLA confirmation,R-blocked on external,R-needs code changes,R-needs rebase,Selenium-4-Beta,dependencies,needs-triaging,python"
"skylot/jadx","false","1451","3","master","14","51","Apache License 2.0","753","25541","3133","16491","2013-03-18 17:08:21.0","2021-03-29 20:13:40.0","2021-03-29 20:13:47.0","","Java","831","158","297","1","2021-03-29 19:46:18.0","7065b1b3ba2e95e73608706f44800da07975668e","true","false","Java,Smali","0 - Backlog,1 - Ready,2 - Working,3 - Done,CLI,Core,GUI,Resources,bug,deobfuscation,duplicate,enhancement,hard-to-fix,need help,new feature,no-reply,question,regression,released,try-catch"
"spring-projects/spring-boot","false","31482","13","master","89","382","Apache License 2.0","3447","54208","33210","131949","2012-10-19 15:02:57.0","2021-03-27 21:24:18.0","2021-03-27 22:17:02.0","https://spring.io/projects/spring-boot","Java","20954","481","4664","26","2021-03-27 07:06:21.0","870d9b191a0ddbe4978520499261232582c46deb","true","false","Java,HTML,Kotlin,Shell,JavaScript,Groovy,Ruby,Smarty,Dockerfile,Batchfile,CSS,Mustache,Vim Snippet","for: external-project,for: merge-with-amendments,for: stackoverflow,for: team-attention,for: team-meeting,status: back-port,status: blocked,status: declined,status: duplicate,status: feedback-provided,status: feedback-reminder,status: first-timers-only,status: forward-port,status: ideal-for-contribution,status: invalid,status: noteworthy,status: on-hold,status: pending-design-work,status: superseded,status: waiting-for-feedback,status: waiting-for-triage,theme: config-data,theme: datasource,theme: devtools,theme: inner-loop,theme: kubernetes,theme: native,theme: observability,theme: performance,theme: profiles,theme: ssl,theme: testing,theme: web-error-handling,type: blocker,type: bug,type: dependency-upgrade,type: documentation,type: enhancement,type: epic,type: regression,type: task,type: wiki-documentation"
"spring-projects/spring-framework","false","22357","15","master","203","389","Apache License 2.0","3488","42050","29287","166987","2010-12-08 04:04:45.0","2021-03-29 17:31:07.0","2021-03-29 23:35:06.0","https://spring.io/projects/spring-framework","Java","20734","972","3273","255","2021-03-29 17:30:49.0","b651c10e83e6876bffa54d057ec15bc2f630c017","true","false","Java,Kotlin,Groovy,AspectJ,FreeMarker,CSS,GAP,Shell,XSLT,HTML,Ruby,JavaScript,Smarty,PLpgSQL,Python,Dockerfile","for: backport-to-4.3.x,for: backport-to-5.0.x,for: backport-to-5.1.x,for: backport-to-5.2.x,for: external-project,for: merge-with-amendments,for: stackoverflow,for: team-attention,has: votes-jira,in: core,in: data,in: messaging,in: test,in: web,status: backported,status: blocked,status: bulk-closed,status: declined,status: duplicate,status: feedback-provided,status: feedback-reminder,status: ideal-for-contribution,status: invalid,status: pending-design-work,status: superseded,status: waiting-for-feedback,status: waiting-for-triage,theme: native,type: backport,type: blocker,type: bug,type: dependency-upgrade,type: documentation,type: enhancement,type: regression,type: task"
"square/picasso","false","1368","12","master","22","97","Apache License 2.0","889","17851","4007","4467","2013-05-14 15:07:47.0","2021-01-31 11:42:15.0","2021-02-03 14:20:00.0","https://square.github.io/picasso/","Java","1517","187","674","27","2020-09-16 06:58:58.0","2832bcd7e725befd7f6c26ddd0e94684d5013791","false","false","Java,Kotlin,HTML,CSS,Shell","Needs Info,bug,duplicate,enhancement,invalid,question,wontfix"
"square/retrofit","false","1865","14","master","27","142","Apache License 2.0","1620","37774","6811","5508","2010-09-06 21:39:43.0","2021-03-23 19:55:59.0","2021-03-24 13:39:09.0","https://square.github.io/retrofit/","Java","2467","116","1032","24","2021-02-24 13:08:49.0","fbf1225e28e2094bec35f587b8933748b705d167","true","false","Java,Kotlin,HTML,CSS,Shell","Blocked,Bug,Documentation,Enhancement,Feature,Icebox,Needs Info,OkHttp,PR welcome,Probably Not Retrofit,Website,dependencies"
"teamnewpipe/newpipe","false","8372","9","dev","98","324","Other","486","13248","1723","48658","2015-09-03 23:39:26.0","2021-03-29 23:08:25.0","2021-03-29 17:01:12.0","https://newpipe.net","Java","4714","879","1151","71","2021-03-29 16:00:00.0","84de865daf689852fb8bc781f2ce5be74eaed6b3","true","false","Java,Kotlin,HTML","ASAP,Android TV,BBC Sounds,GUI,accessibility,bandcamp,bounty,bug,codequality,deep review required,device/software specific,discussion,doesn't-follow-template,downloader,enhancement,feed,good first issue,help wanted,localisation / translation,media.ccc.de,meta,more info needed,multiservice,niche,notification,peertube,player,privacy & data protection,question,requires extractor change,soundcloud,tablet UI,user-blocked-us,user-ignored-template,youtube"
"tencent/apijson","false","2324","7","master","77","15","Other","350","10207","1275","70984","2016-11-21 12:03:29.0","2021-03-27 11:44:58.0","2021-03-27 23:31:41.0","http://apijson.org","Java","179","73","30","7","2021-03-27 11:41:59.0","786d326e6f5f5da2dad2e31490c91bec88ff34f5","true","false","Java","Access 权限,Bug 漏洞,Business Logic 业务逻辑,Document 文档,Duplicate 重复,Ecosystem 周边生态,English 英语,Enhancement 增强,Login 登录,OLAP 数据分析,Performance 性能,Quality 代码质量,Question 使用问题,RFC 远程函数调用,dependencies,help wanted,invalid,java,wontfix"
"tencent/qmui_android","false","822","4","master","34","15","Other","328","12736","2455","17432","2017-04-21 10:03:18.0","2021-03-16 14:45:10.0","2021-03-16 17:47:08.0","http://qmuiteam.com/android","Java","1037","355","35","2","2021-03-16 14:45:03.0","04ca9b7833138f5e5a4da4511297bd181db9cdbe","true","false","Java,Kotlin,Groovy,HTML,JavaScript,Shell","bug,document,duplicate,enhancement,feature request,help wanted"
"tencent/tinker","false","677","3","dev","39","30","Other","720","15710","3154","6480","2016-09-06 06:57:52.0","2021-03-25 06:05:29.0","2021-03-25 09:09:14.0","","Java","1409","373","133","2","2021-03-25 06:05:29.0","26c474f9c58464b4da44ed2d9e44fd9701ebb090","true","false","Java,Groovy,Python,Shell","bug,duplicate,enhancement,help wanted,invalid,notice,question,undetermined,wontfix"
"tencent/vassonic","false","372","2","master","12","14","Other","386","11112","1514","16215","2017-08-01 08:35:13.0","2020-01-04 11:55:57.0","2020-12-09 14:40:49.0","","Java","240","38","115","2","2019-04-15 08:26:32.0","59936beff656d4b5718ff6444d6c5e001a2c5231","true","false","","bug,duplicate,enhancement,good question,help wanted,invalid,question,wontfix,无效问题"
"xuxueli/xxl-job","false","1674","12","master","30","50","GNU General Public License v3.0","935","17642","7559","32371","2015-11-28 12:59:34.0","2021-03-23 09:31:22.0","2021-03-23 10:13:01.0","http://www.xuxueli.com/xxl-job/","Java","2055","496","283","34","2021-02-09 09:48:33.0","1b582691906d0ac81e0a9eaf38840f606dd7712a","true","false","Java,Dockerfile","bug,duplicate,enhancement,experience sharing,help wanted/suggest,invalid,question,wontfix"
"yalantis/ucrop","false","340","8","develop","12","41",,"262","10541","1903","62450","2016-01-05 13:41:06.0","2021-03-11 12:29:33.0","2021-03-12 03:01:47.0","https://yalantis.com/blog/introducing-ucrop-our-own-image-cropping-library-for-android/","Java","576","160","170","27","2020-08-20 14:50:22.0","1a7653e102414d805ff13095efb049f95de594f1","true","false","Java,C++,Makefile","bug,duplicate,enhancement,help wanted,invalid,question,wontfix"
"zhangdaiscott/jeecg-boot","false","473","17","master","13","10","Apache License 2.0","742","21210","8185","44871","2018-11-26 10:40:00.0","2021-03-28 11:52:08.0","2021-03-28 16:33:17.0","http://www.jeecg.com","Java","2016","24","101","7","2021-03-28 11:51:53.0","c6645ed8000b6844b86411eff407245ccc026926","true","false","Java,FreeMarker,Less,Dockerfile,Shell","bug,dependencies,duplicate,enhancement,good first issue,help wanted,invalid,java,javascript,question,wontfix,已安排,已拒绝"
"zhihu/matisse","false","223","1","master","18","28","Apache License 2.0","239","11787","1868","1991","2017-04-13 01:31:05.0","2021-01-25 09:16:16.0","2021-01-25 13:11:56.0","","Java","678","377","161","53","2019-10-30 02:21:00.0","21591aebe73a56435d84afc7b5cd50ea7ae2a6b8","true","false","Java","bug,duplicate,enhancement,feature,help wanted,high priority,invalid,need more info,question,wontfix"
"zxing/zxing","false","3575","2","master","27","102","Apache License 2.0","1710","27433","8973","240492","2011-10-12 14:07:27.0","2021-03-29 04:42:06.0","2021-03-29 11:11:03.0","","Java","1060","7","291","3","2021-03-18 00:25:26.0","5fb2cf8e96af250fa6bfc472ef7e1669fa41a2f3","true","false","Java,HTML,CSS","android,bug,dependencies,enhancement"
